travelCost,improvement,t,pR,pI
107.83283938417529,0.0,0,0.111,0.01
107.70725855033871,0.37166309482720816,20,0.111,0.01
107.72629975206479,0.5265481882751858,40,0.111,0.01
